rank,channel_info,influence_score,posts,followers,avg_likes,60_day_eng_rate,new_post_avg_like,total_likes,country,posting_frequency,following,engagement_rate,anomaly,authenticity_score,growth_target,growth_potential_score,target,ratefluencer_score,niche,top_brands
1,cristiano,92,3300.0,475800000.0,8700000.0,1.39,6500000.0,29000000000.0,Spain,9.04109589041096,1869,1.39,-1,65,9.494413110411587,48.9,51.65545213525735,51.6,sports fitness athlete performance,"[('Nike', 60.1), ('RedBull', 42.4), ('Puma', 40.9)]"
2,kyliejenner,91,6900.0,366200000.0,8300000.000000001,1.62,5900000.0,57400000000.0,United States,18.904109589041095,2086,1.62,-1,65,11.171021338936745,56.1,68.21775043695828,67.9,fashion beauty lifestyle luxury style,"[('Sephora', 70.3), ('Myntra', 67.3), ('Louis Vuitton', 64.4)]"
3,leomessi,90,890.0,357300000.0,6800000.0,1.24,4400000.0,6000000000.0,Unknown,2.4383561643835616,1781,1.24,-1,65,6.764342542529177,34.3,36.87677422644552,36.8,sports fitness athlete performance,"[('Nike', 60.1), ('RedBull', 42.4), ('Puma', 40.9)]"
4,selenagomez,93,1800.0,342700000.0,6200000.0,0.97,3300000.0,11500000000.0,United States,4.931506849315069,2397,0.97,-1,50,6.020358457913864,31.7,32.80045378284376,32.7,lifestyle entertainment social media celebrity,"[('Netflix', 71.2), ('Sephora', 38.8), ('RedBull', 35.4)]"
5,therock,91,6800.0,334100000.0,1900000.0,0.2,665300.0,12500000000.0,United States,18.63013698630137,817,0.2,-1,35,7.902127223319481,42.8,46.98126610485372,47.5,fitness gym workout health lifestyle,"[('Nike', 52.2), ('Adidas', 31.0), ('Apple', 29.0)]"
6,kimkardashian,91,5600.0,329200000.0,3500000.0,0.88,2900000.0,19900000000.0,United States,15.342465753424657,2827,0.88,-1,50,10.918342853134481,55.2,55.083221523099155,55.6,fashion beauty lifestyle luxury style,"[('Sephora', 70.3), ('Myntra', 67.3), ('Louis Vuitton', 64.4)]"
7,arianagrande,92,5000.0,327700000.0,3700000.0,1.2,3900000.0,18400000000.0,United States,13.698630136986301,1380,1.2,-1,65,12.61703909081229,60.5,61.55002875501758,61.8,music entertainment pop culture celebrity,"[('Netflix', 75.0), ('RedBull', 45.6), ('boAt', 29.4)]"
8,beyonce,92,2000.0,272800000.0,3600000.0,0.76,2000000.0,7400000000.0,United States,5.47945205479452,2598,0.76,-1,50,6.226517436585645,32.8,33.21978039408769,33.4,music entertainment pop culture celebrity,"[('Netflix', 75.0), ('RedBull', 45.6), ('boAt', 29.4)]"
9,khloekardashian,89,4100.0,268300000.0,2400000.0,0.35,926900.0,9800000000.0,United States,11.232876712328768,2779,0.35,1,85,6.7258696080655325,35.1,53.358043512690216,52.5,fashion beauty lifestyle luxury style,"[('Sephora', 70.3), ('Myntra', 67.3), ('Louis Vuitton', 64.4)]"
10,justinbieber,91,7400.0,254500000.0,1900000.0,0.59,1500000.0,13900000000.0,Canada,20.0,2480,0.59,-1,50,12.19014359020166,58.5,61.550231313682545,61.5,music entertainment pop culture celebrity,"[('Netflix', 75.0), ('RedBull', 45.6), ('boAt', 29.4)]"
11,kendalljenner,90,660.0,254000000.0,5500000.0,2.04,5100000.0,3700000000.0,United States,1.8082191780821917,2976,2.04,-1,65,9.534248592804152,44.9,42.653118129840735,43.0,fashion beauty lifestyle luxury style,"[('Sephora', 70.3), ('Myntra', 67.3), ('Louis Vuitton', 64.4)]"
12,natgeo,91,10000.0,237000000.0,302200.0,0.07,159300.0,3000000000.0,United States,20.0,362,0.07,-1,35,9.615491134510558,46.4,49.71488027142671,49.8,technology innovation media entertainment,"[('Netflix', 58.3), ('Apple', 41.3), ('RedBull', 39.9)]"
13,nike,90,950.0,234100000.0,329000.0,0.08,181800.0,313600000.0,United States,2.6027397260273974,524,0.08,-1,35,5.361128361031359,27.7,19.58765592454405,19.7,lifestyle entertainment social media celebrity,"[('Netflix', 71.2), ('Sephora', 38.8), ('RedBull', 35.4)]"
14,taylorswift,91,530.0,222200000.0,2400000.0,1.01,2300000.0,1300000000.0,United States,1.452054794520548,2730,1.01,1,100,8.322932325971465,41.1,50.40472586167584,50.5,music entertainment pop culture celebrity,"[('Netflix', 75.0), ('RedBull', 45.6), ('boAt', 29.4)]"
15,jlo,89,3200.0,220400000.0,1700000.0,0.62,1400000.0,5300000000.0,United States,8.767123287671232,1426,0.62,1,85,9.561389217954437,46.3,55.14938737038064,55.9,lifestyle entertainment social media celebrity,"[('Netflix', 71.2), ('Sephora', 38.8), ('RedBull', 35.4)]"
16,virat.kohli,87,1400.0,211800000.0,3500000.0,0.96,2000000.0,4900000000.0,Unknown,3.835616438356164,2145,0.96,1,85,6.322264203110111,32.0,44.33775539082738,43.7,sports fitness athlete performance,"[('Nike', 60.1), ('RedBull', 42.4), ('Puma', 40.9)]"
17,nickiminaj,90,6400.0,201600000.0,2100000.0,0.53,1000000.0,13500000000.0,United States,17.534246575342465,1367,0.53,1,85,8.706267642151756,46.3,66.54623840144035,65.9,music entertainment pop culture celebrity,"[('Netflix', 75.0), ('RedBull', 45.6), ('boAt', 29.4)]"
18,kourtneykardash,89,4400.0,195200000.0,1800000.0,0.67,1300000.0,7700000000.0,United States,12.054794520547945,1592,0.67,1,85,9.48368661522563,47.4,60.103872503887914,60.8,lifestyle entertainment social media celebrity,"[('Netflix', 71.2), ('Sephora', 38.8), ('RedBull', 35.4)]"
19,mileycyrus,89,1200.0,181500000.0,1300000.0,0.51,913600.0,1600000000.0,Unknown,3.287671232876712,1612,0.51,1,85,6.749417694793397,31.7,42.043077062291246,42.2,lifestyle entertainment social media celebrity,"[('Netflix', 71.2), ('Sephora', 38.8), ('RedBull', 35.4)]"
20,neymarjr,90,5300.0,177100000.0,2700000.0,1.09,1900000.0,14100000000.0,Brazil,14.520547945205479,1014,1.09,-1,65,9.712600900753909,49.4,58.09624163738867,57.6,sports fitness athlete performance,"[('Nike', 60.1), ('RedBull', 42.4), ('Puma', 40.9)]"
21,katyperry,92,2000.0,170300000.0,715000.0,0.16,265100.0,1500000000.0,Unknown,5.47945205479452,1962,0.16,1,70,4.975821663146165,23.5,35.21186937952474,34.5,music entertainment pop culture celebrity,"[('Netflix', 75.0), ('RedBull', 45.6), ('boAt', 29.4)]"
22,kevinhart4real,88,8200.0,152000000.0,522000.0,0.08,115200.0,4300000000.0,United States,20.0,1648,0.08,1,55,6.685075735100228,35.1,52.92575396679533,52.8,fitness gym workout health lifestyle,"[('Nike', 52.2), ('Adidas', 31.0), ('Apple', 29.0)]"
23,zendaya,87,3500.0,150700000.0,5800000.0,3.17,4800000.0,20600000000.0,United States,9.58904109589041,501,3.17,-1,65,10.347596153514989,52.8,59.65450250506923,59.7,fashion beauty lifestyle luxury style,"[('Sephora', 70.3), ('Myntra', 67.3), ('Louis Vuitton', 64.4)]"
24,iamcardib,75,1600.0,140500000.0,3100000.0,1.1,1500000.0,5000000000.0,United States,4.383561643835616,2231,1.1,1,100,5.9813457219177595,31.3,50.572408248464285,50.7,lifestyle entertainment social media celebrity,"[('Netflix', 71.2), ('Sephora', 38.8), ('RedBull', 35.4)]"
25,ddlovato,88,80.0,139100000.0,1100000.0,0.27,363400.0,91300000.0,United States,0.2191780821917808,1440,0.27,1,70,3.083404162065607,14.9,25.279096503713692,25.7,lifestyle entertainment social media celebrity,"[('Netflix', 71.2), ('Sephora', 38.8), ('RedBull', 35.4)]"
26,badgalriri,88,4800.0,135300000.0,3700000.0,0.02,0.0,17900000000.0,United States,13.150684931506849,2213,0.02,-1,20,4.173911315118173,18.6,24.403572144029116,24.6,lifestyle entertainment social media celebrity,"[('Netflix', 71.2), ('Sephora', 38.8), ('RedBull', 35.4)]"
27,kingjames,86,2300.0,130900000.0,2100000.0,0.92,1200000.0,4900000000.0,Unknown,6.301369863013699,2214,0.92,1,85,6.869932637725503,33.9,48.1736067554276,48.8,lifestyle entertainment social media celebrity,"[('Netflix', 71.2), ('Sephora', 38.8), ('RedBull', 35.4)]"
28,theellenshow,87,10000.0,125100000.0,420500.0,0.07,81700.0,4200000000.0,United States,20.0,1054,0.07,1,55,7.264817189573629,38.1,53.98844544088993,54.1,lifestyle entertainment social media celebrity,"[('Netflix', 71.2), ('Sephora', 38.8), ('RedBull', 35.4)]"
29,realmadrid,90,6900.0,123400000.0,996200.0,0.48,588300.0,6800000000.0,Spain,18.904109589041095,2866,0.48,1,85,10.170832670125478,51.9,70.29187700484462,70.8,sports fitness athlete performance,"[('Nike', 60.1), ('RedBull', 42.4), ('Puma', 40.9)]"
30,champagnepapi,85,5200.0,119600000.0,1700000.0,1.1,1300000.0,9000000000.0,Netherlands,14.246575342465754,839,1.1,1,100,10.429084832499822,52.8,71.96930170824075,71.9,lifestyle entertainment social media celebrity,"[('Netflix', 71.2), ('Sephora', 38.8), ('RedBull', 35.4)]"
31,chrisbrownofficial,86,7300.0,118500000.0,463200.0,0.22,255900.0,3400000000.0,United States,20.0,940,0.22,1,70,9.725263055187813,47.9,63.71167570299862,63.9,lifestyle entertainment social media celebrity,"[('Netflix', 71.2), ('Sephora', 38.8), ('RedBull', 35.4)]"
32,fcbarcelona,90,10000.0,111400000.0,1200000.0,0.64,706300.0,11600000000.0,Unknown,20.0,2256,0.64,1,85,10.124378384570804,51.7,72.20924905697967,72.3,sports fitness athlete performance,"[('Nike', 60.1), ('RedBull', 42.4), ('Puma', 40.9)]"
33,billieeilish,73,690.0,105200000.0,8500000.0,5.02,5200000.0,5900000000.0,Unknown,1.8904109589041096,2618,5.02,-1,65,7.035460557969987,39.1,50.10747244072927,50.3,music entertainment pop culture celebrity,"[('Netflix', 75.0), ('RedBull', 45.6), ('boAt', 29.4)]"
34,dualipa,74,1300.0,85900000.0,2100000.0,1.26,1100000.0,2600000000.0,United Kingdom,3.5616438356164384,1876,1.26,1,100,5.841884545553474,28.0,48.75371420602791,49.3,music entertainment pop culture celebrity,"[('Netflix', 75.0), ('RedBull', 45.6), ('boAt', 29.4)]"
35,gal_gadot,85,1700.0,85600000.0,1400000.0,0.69,586500.0,2300000000.0,United States,4.657534246575342,706,0.69,1,85,4.88715656544159,24.9,41.84023175041487,41.8,lifestyle entertainment social media celebrity,"[('Netflix', 71.2), ('Sephora', 38.8), ('RedBull', 35.4)]"
36,vindiesel,88,1800.0,82300000.0,1400000.0,0.6,482300.0,2500000000.0,United States,4.931506849315069,1664,0.6,1,85,4.516497090659557,22.1,40.92995128421478,40.7,lifestyle entertainment social media celebrity,"[('Netflix', 71.2), ('Sephora', 38.8), ('RedBull', 35.4)]"
37,nasa,88,3600.0,81300000.0,1200000.0,1.53,1200000.0,4200000000.0,United States,9.863013698630137,419,1.53,1,100,11.092458981865907,55.6,68.67605931082619,68.9,technology innovation media entertainment,"[('Netflix', 58.3), ('Apple', 41.3), ('RedBull', 39.9)]"
38,priyankachopra,85,3600.0,81100000.0,1600000.0,1.0,802900.0,5600000000.0,United States,9.863013698630137,809,1.0,1,100,7.527742466733327,37.4,60.05729999891663,59.7,lifestyle entertainment social media celebrity,"[('Netflix', 71.2), ('Sephora', 38.8), ('RedBull', 35.4)]"
39,lalalalisa_m,70,870.0,80900000.0,5800000.0,9.0,7200000.0,5100000000.0,Unknown,2.3835616438356166,1280,9.0,-1,65,13.719337735274907,70.4,75.6012498361854,76.0,lifestyle entertainment social media celebrity,"[('Netflix', 71.2), ('Sephora', 38.8), ('RedBull', 35.4)]"
40,Shakira,88,2000.0,76100000.0,975100.0,0.41,304700.0,1900000000.0,Unknown,5.47945205479452,2745,0.41,1,85,4.599590648390559,21.7,40.87794553023315,40.9,lifestyle entertainment social media celebrity,"[('Netflix', 71.2), ('Sephora', 38.8), ('RedBull', 35.4)]"
41,snoopdogg,86,10000.0,75300000.0,203700.0,0.17,125800.0,2000000000.0,Unknown,20.0,2804,0.17,1,70,9.901377786556264,51.5,64.88748688395367,65.1,music entertainment pop culture celebrity,"[('Netflix', 75.0), ('RedBull', 45.6), ('boAt', 29.4)]"
42,gigihadid,85,3300.0,75300000.0,2500000.0,2.56,1900000.0,8199999999.999999,United States,9.04109589041096,2843,2.56,1,100,9.240319999332394,48.0,68.10832626703328,67.6,fashion beauty lifestyle luxury style,"[('Sephora', 70.3), ('Myntra', 67.3), ('Louis Vuitton', 64.4)]"
43,davidbeckham,86,1500.0,74900000.0,1200000.0,0.46,340900.0,1900000000.0,United States,4.109589041095891,828,0.46,1,70,3.4685861910378737,19.0,32.57541424584237,32.7,sports fitness athlete performance,"[('Nike', 60.1), ('RedBull', 42.4), ('Puma', 40.9)]"
44,shraddhakapoor,81,1900.0,73900000.0,1600000.0,1.17,859900.0,3000000000.0,Unknown,5.205479452054795,693,1.17,1,100,6.605884134762208,32.4,52.46182651238691,52.3,lifestyle entertainment social media celebrity,"[('Netflix', 71.2), ('Sephora', 38.8), ('RedBull', 35.4)]"
45,victoriassecret,88,2900.0,73200000.0,147000.0,0.04,29800.0,423500000.0,United States,7.945205479452055,681,0.04,1,55,4.350134367187357,21.9,31.81867154380053,31.8,fashion beauty lifestyle luxury style,"[('Sephora', 70.3), ('Myntra', 67.3), ('Louis Vuitton', 64.4)]"
46,k.mbappe,86,1200.0,72700000.0,2500000.0,2.16,1600000.0,2800000000.0,Unknown,3.287671232876712,2164,2.16,1,100,7.155562185145437,36.0,54.66427611223118,54.3,sports fitness athlete performance,"[('Nike', 60.1), ('RedBull', 42.4), ('Puma', 40.9)]"
47,nehakakkar,84,2300.0,70400000.0,1500000.0,0.54,370100.0,3500000000.0,India,6.301369863013699,431,0.54,1,70,4.342271612338393,18.8,35.63931027275649,35.2,lifestyle entertainment social media celebrity,"[('Netflix', 71.2), ('Sephora', 38.8), ('RedBull', 35.4)]"
48,nba,87,12900.0,70100000.0,370800.0,0.28,196900.0,4800000000.0,United States,20.0,1987,0.28,1,70,9.892081232365669,49.7,64.60537635096544,64.6,sports fitness athlete performance,"[('Nike', 60.1), ('RedBull', 42.4), ('Puma', 40.9)]"
49,shawnmendes,83,2500.0,69900000.0,3500000.0,2.87,2000000.0,8800000000.0,Canada,6.8493150684931505,1881,2.87,1,100,7.7719951627093575,41.8,63.86304911063823,63.2,music entertainment pop culture celebrity,"[('Netflix', 75.0), ('RedBull', 45.6), ('boAt', 29.4)]"
50,jennierubyjane,76,860.0,68900000.0,5100000.0,8.36,5700000.0,4400000000.0,Unknown,2.356164383561644,512,8.36,1,100,13.273213601620178,68.8,86.04945494208987,85.2,lifestyle entertainment social media celebrity,"[('Netflix', 71.2), ('Sephora', 38.8), ('RedBull', 35.4)]"
51,narendramodi,85,540.0,68900000.0,2900000.0,3.01,2000000.0,1600000000.0,India,1.4794520547945205,2395,3.01,1,100,7.212436611538219,36.4,55.21215395268676,55.5,lifestyle entertainment social media celebrity,"[('Netflix', 71.2), ('Sephora', 38.8), ('RedBull', 35.4)]"
52,aliaabhatt,82,1800.0,68700000.0,1800000.0,3.14,2100000.0,3300000000.0,India,4.931506849315069,543,3.14,1,100,11.37756414521446,55.6,67.32953425340988,68.1,lifestyle entertainment social media celebrity,"[('Netflix', 71.2), ('Sephora', 38.8), ('RedBull', 35.4)]"
53,deepikapadukone,83,260.0,68400000.0,1600000.0,2.23,1500000.0,419000000.0,India,0.7123287671232876,636,2.23,1,100,8.851510972244748,40.7,53.15026247653685,53.6,lifestyle entertainment social media celebrity,"[('Netflix', 71.2), ('Sephora', 38.8), ('RedBull', 35.4)]"
54,tomholland2013,77,1200.0,67700000.0,5400000.0,10.83,7300000.0,6600000000.0,Unknown,3.287671232876712,2372,10.83,-1,65,15.864027997673013,80.4,86.81361439514423,87.5,lifestyle entertainment social media celebrity,"[('Netflix', 71.2), ('Sephora', 38.8), ('RedBull', 35.4)]"
55,ronaldinho,78,2900.0,67700000.0,872900.0,0.49,325700.0,2600000000.0,Brazil,7.945205479452055,2288,0.49,1,85,5.406084663939909,25.8,45.718309810833844,45.9,sports fitness athlete performance,"[('Nike', 60.1), ('RedBull', 42.4), ('Puma', 40.9)]"
56,emmawatson,87,340.0,67300000.0,1900000.0,0.01,0.0,639000000.0,United States,0.9315068493150684,2036,0.01,1,55,0.9516314603030187,2.4,15.086124570248057,15.1,lifestyle entertainment social media celebrity,"[('Netflix', 71.2), ('Sephora', 38.8), ('RedBull', 35.4)]"
57,bts.bighitofficial,78,1200.0,66900000.00000001,4099999.9999999995,5.4,3600000.0,4900000000.0,Uruguay,3.287671232876712,920,5.4,1,100,10.253914289729558,51.5,71.03683803138324,70.9,lifestyle entertainment social media celebrity,"[('Netflix', 71.2), ('Sephora', 38.8), ('RedBull', 35.4)]"
58,katrinakaif,85,1000.0,66300000.0,1700000.0,2.25,1500000.0,1700000000.0,India,2.73972602739726,767,2.25,1,100,8.538554613057125,45.2,57.64137574954172,57.7,lifestyle entertainment social media celebrity,"[('Netflix', 71.2), ('Sephora', 38.8), ('RedBull', 35.4)]"
59,marvel,82,7000.0,66200000.0,332300.0,0.51,339000.0,2300000000.0,Turkey,19.17808219178082,1054,0.51,1,85,13.610594498213844,68.3,76.68752737123013,76.5,technology innovation media entertainment,"[('Netflix', 58.3), ('Apple', 41.3), ('RedBull', 39.9)]"
60,justintimberlake,87,780.0,65900000.00000001,600400.0,0.3,189400.0,470700000.0,United States,2.136986301369863,2358,0.3,1,85,3.7284868621085288,19.8,35.32990329145292,35.3,lifestyle entertainment social media celebrity,"[('Netflix', 71.2), ('Sephora', 38.8), ('RedBull', 35.4)]"
61,camila_cabello,77,2900.0,65000000.0,1900000.0,2.19,1400000.0,5400000000.0,United States,7.945205479452055,2694,2.19,1,100,8.958890767353822,46.8,64.77484137805467,64.4,music entertainment pop culture celebrity,"[('Netflix', 75.0), ('RedBull', 45.6), ('boAt', 29.4)]"
62,willsmith,82,1400.0,63900000.0,1400000.0,0.02,0.0,1900000000.0,United States,3.835616438356164,2435,0.02,1,55,1.7714220033391543,7.4,20.733970509505344,21.1,lifestyle entertainment social media celebrity,"[('Netflix', 71.2), ('Sephora', 38.8), ('RedBull', 35.4)]"
63,raffinagita1717,83,17500.0,63500000.0,386900.0,0.58,366600.0,6800000000.0,Indonesia,20.0,1490,0.58,1,85,12.888691209961886,63.1,76.10012848930228,76.5,lifestyle entertainment social media celebrity,"[('Netflix', 71.2), ('Sephora', 38.8), ('RedBull', 35.4)]"
64,anitta,82,5100.0,63100000.0,855500.0,0.69,426200.0,4400000000.0,United States,13.972602739726028,2418,0.69,1,85,8.454808827759535,45.4,61.81679636838915,61.8,lifestyle entertainment social media celebrity,"[('Netflix', 71.2), ('Sephora', 38.8), ('RedBull', 35.4)]"
65,sooyaaa__,82,830.0,62900000.0,4500000.0,9.43,5900000.0,3800000000.0,Unknown,2.2739726027397262,2727,9.43,1,100,14.386811941415644,73.8,91.51619569484136,91.7,lifestyle entertainment social media celebrity,"[('Netflix', 71.2), ('Sephora', 38.8), ('RedBull', 35.4)]"
66,maluma,84,8200.0,62800000.0,1200000.0,1.12,696300.0,9800000000.0,Colombia,20.0,1048,1.12,1,100,10.15043280300283,52.5,79.56198550502454,78.7,music entertainment pop culture celebrity,"[('Netflix', 75.0), ('RedBull', 45.6), ('boAt', 29.4)]"
67,akshaykumar,85,1900.0,62800000.0,1500000.0,1.01,624900.0,2900000000.0,Unknown,5.205479452054795,2827,1.01,1,100,5.702663060975813,28.4,50.53291127929646,50.8,lifestyle entertainment social media celebrity,"[('Netflix', 71.2), ('Sephora', 38.8), ('RedBull', 35.4)]"
68,jacquelinef143,85,2400.0,62700000.0,1100000.0,1.15,718800.0,2800000000.0,India,6.575342465753424,2682,1.15,1,100,7.619372485970011,37.0,56.0296158121306,56.3,lifestyle entertainment social media celebrity,"[('Netflix', 71.2), ('Sephora', 38.8), ('RedBull', 35.4)]"
69,psg,86,10000.0,61900000.0,500500.0,0.52,322200.0,5000000000.0,France,20.0,1332,0.52,1,85,11.51100248683991,57.3,73.80794545642848,73.6,sports fitness athlete performance,"[('Nike', 60.1), ('RedBull', 42.4), ('Puma', 40.9)]"
70,roses_are_rosie,82,820.0,61800000.0,4600000.0,9.72,6000000.0,3800000000.0,Unknown,2.2465753424657535,225,9.72,1,100,14.628377971650728,75.0,92.89254986665662,92.2,lifestyle entertainment social media celebrity,"[('Netflix', 71.2), ('Sephora', 38.8), ('RedBull', 35.4)]"
71,manchesterunited,85,9900.0,59600000.0,381800.0,0.41,241600.0,3800000000.0,United Kingdom,20.0,1253,0.41,1,85,10.740953274528858,54.3,72.3001066589462,72.8,sports fitness athlete performance,"[('Nike', 60.1), ('RedBull', 42.4), ('Puma', 40.9)]"
72,anushkasharma,85,1200.0,59500000.0,1900000.0,2.34,1400000.0,2200000000.0,Unknown,3.287671232876712,1419,2.34,1,100,7.709198262923157,40.8,57.03009315932184,57.2,lifestyle entertainment social media celebrity,"[('Netflix', 71.2), ('Sephora', 38.8), ('RedBull', 35.4)]"
73,whinderssonnunes,79,2700.0,58700000.0,1600000.0,0.58,323100.0,4400000000.0,Brazil,7.397260273972603,2426,0.58,1,70,3.9744361234521848,21.1,37.96823492492274,37.0,lifestyle entertainment social media celebrity,"[('Netflix', 71.2), ('Sephora', 38.8), ('RedBull', 35.4)]"
74,9gag,86,10000.0,58100000.0,672600.0,0.44,248600.0,6700000000.0,United States,20.0,1947,0.44,1,85,9.23183519785151,45.9,69.29112257725066,68.2,lifestyle entertainment social media celebrity,"[('Netflix', 71.2), ('Sephora', 38.8), ('RedBull', 35.4)]"
75,marcelotwelve,86,2700.0,58100000.0,690900.0,0.78,448300.0,1900000000.0,Brazil,7.397260273972603,2350,0.78,1,85,7.257832793005624,35.6,49.80068719919528,51.2,lifestyle entertainment social media celebrity,"[('Netflix', 71.2), ('Sephora', 38.8), ('RedBull', 35.4)]"
76,milliebobbybrown,80,280.0,57600000.0,4000000.0,8.63,5000000.0,1100000000.0,United States,0.7671232876712328,207,8.63,1,100,13.330965869671049,68.5,84.82160760041971,85.4,lifestyle entertainment social media celebrity,"[('Netflix', 71.2), ('Sephora', 38.8), ('RedBull', 35.4)]"
77,karimbenzema,42,2000.0,56900000.0,878500.0,1.62,918900.0,1800000000.0,Spain,5.47945205479452,2617,1.62,-1,65,10.367130757579707,49.6,46.398595627550776,47.1,sports fitness athlete performance,"[('Nike', 60.1), ('RedBull', 42.4), ('Puma', 40.9)]"
78,chrishemsworth,86,880.0,55900000.0,2800000.0,3.69,2100000.0,2500000000.0,Australia,2.410958904109589,2678,3.69,1,100,8.775673916038343,45.3,62.057760051479704,62.1,fitness gym workout health lifestyle,"[('Nike', 52.2), ('Adidas', 31.0), ('Apple', 29.0)]"
79,karolg,83,3300.0,55600000.0,3100000.0,10.25,5700000.0,10100000000.0,India,9.04109589041096,2962,10.25,-1,65,20.161496405394555,100.0,100.0,99.1,lifestyle entertainment social media celebrity,"[('Netflix', 71.2), ('Sephora', 38.8), ('RedBull', 35.4)]"
80,paulpogba,80,1300.0,55200000.0,1400000.0,0.85,462600.0,1800000000.0,France,3.5616438356164384,2829,0.85,1,85,4.113453209493443,22.0,39.7126674035011,40.2,sports fitness athlete performance,"[('Nike', 60.1), ('RedBull', 42.4), ('Puma', 40.9)]"
81,iamzlatanibrahimovic,86,870.0,55100000.0,1500000.0,1.53,837100.0,1300000000.0,Unknown,2.3835616438356166,1146,1.53,1,100,5.685621235093807,32.3,49.98351941101643,49.1,sports fitness athlete performance,"[('Nike', 60.1), ('RedBull', 42.4), ('Puma', 40.9)]"
82,leonardodicaprio,86,1700.0,54600000.0,395500.0,0.2,107600.0,669300000.0,Unknown,4.657534246575342,300,0.2,1,55,4.157123209754814,20.5,27.406029942156263,27.4,lifestyle entertainment social media celebrity,"[('Netflix', 71.2), ('Sephora', 38.8), ('RedBull', 35.4)]"
83,juventus,87,10000.0,54500000.0,194800.0,0.25,135500.0,1900000000.0,Unknown,20.0,1360,0.25,1,70,10.860851841094478,53.1,65.77319819482543,65.9,sports fitness athlete performance,"[('Nike', 60.1), ('RedBull', 42.4), ('Puma', 40.9)]"
84,zacefron,86,660.0,54500000.0,2300000.0,8.18,4400000.0,1500000000.0,United States,1.8082191780821917,516,8.18,1,100,18.443329669708714,93.0,93.98746118676722,93.7,lifestyle entertainment social media celebrity,"[('Netflix', 71.2), ('Sephora', 38.8), ('RedBull', 35.4)]"
85,bellahadid,79,3200.0,54100000.0,1100000.0,2.06,1100000.0,3600000000.0,United Kingdom,8.767123287671232,2541,2.06,1,100,11.1315847606766,55.2,68.61906036127688,69.0,fashion beauty lifestyle luxury style,"[('Sephora', 70.3), ('Myntra', 67.3), ('Louis Vuitton', 64.4)]"
86,tatawerneck,86,5600.0,53900000.0,959800.0,0.51,266500.0,5400000000.0,Brazil,15.342465753424657,2163,0.51,1,70,6.760491271058076,37.3,54.52285222157404,55.5,lifestyle entertainment social media celebrity,"[('Netflix', 71.2), ('Sephora', 38.8), ('RedBull', 35.4)]"
87,beingsalmankhan,76,1200.0,53500000.0,1400000.0,1.33,693900.0,1600000000.0,India,3.287671232876712,281,1.33,1,100,5.606376617017196,28.0,48.67448786311806,49.1,lifestyle entertainment social media celebrity,"[('Netflix', 71.2), ('Sephora', 38.8), ('RedBull', 35.4)]"
88,robertdowneyjr,86,420.0,53400000.0,3000000.0,2.05,1100000.0,1300000000.0,United States,1.1506849315068493,1019,2.05,1,100,4.111137202473408,21.8,46.15796692480201,46.1,lifestyle entertainment social media celebrity,"[('Netflix', 71.2), ('Sephora', 38.8), ('RedBull', 35.4)]"
89,sunnyleone,84,4600.0,53400000.0,764000.0,0.57,301300.0,3500000000.0,Unknown,12.602739726027398,852,0.57,1,85,7.048604383089823,34.4,55.53938940438178,54.9,lifestyle entertainment social media celebrity,"[('Netflix', 71.2), ('Sephora', 38.8), ('RedBull', 35.4)]"
90,ladygaga,83,3600.0,53200000.0,1400000.0,1.02,531600.0,5100000000.0,United States,9.863013698630137,1178,1.02,1,100,6.608243097429387,33.7,58.69733166150547,58.0,music entertainment pop culture celebrity,"[('Netflix', 75.0), ('RedBull', 45.6), ('boAt', 29.4)]"
91,dishapatani,74,2100.0,53000000.0,1600000.0,1.85,971700.0,3400000000.0,United States,5.7534246575342465,1662,1.85,1,100,7.211975843536739,38.2,57.43951669171136,57.4,lifestyle entertainment social media celebrity,"[('Netflix', 71.2), ('Sephora', 38.8), ('RedBull', 35.4)]"
92,sergioramos,87,2200.0,52800000.0,1100000.0,1.06,557900.0,2500000000.0,Unknown,6.027397260273973,2578,1.06,1,100,6.344520639224985,32.2,53.25658943655449,52.8,sports fitness athlete performance,"[('Nike', 60.1), ('RedBull', 42.4), ('Puma', 40.9)]"
93,jbalvin,87,10000.0,52800000.0,878000.0,0.66,340500.0,8800000000.0,Unknown,20.0,1246,0.66,1,85,8.747076950202242,47.0,70.45647160778411,70.4,music entertainment pop culture celebrity,"[('Netflix', 75.0), ('RedBull', 45.6), ('boAt', 29.4)]"
94,mosalah,22,840.0,52500000.0,1800000.0,2.18,1100000.0,1500000000.0,Unknown,2.3013698630136985,1702,2.18,-1,65,6.870478185919944,34.5,37.15104004603678,37.5,sports fitness athlete performance,"[('Nike', 60.1), ('RedBull', 42.4), ('Puma', 40.9)]"
95,ayutingting92,85,10000.0,52400000.0,147300.0,0.11,56300.0,1500000000.0,Indonesia,20.0,2209,0.11,1,70,8.801014203867888,44.2,61.94284241165542,61.6,lifestyle entertainment social media celebrity,"[('Netflix', 71.2), ('Sephora', 38.8), ('RedBull', 35.4)]"
96,433,79,10300.0,51200000.0,863200.0,1.52,774200.0,8900000000.0,Netherlands,20.0,1025,1.52,1,100,12.891772529118649,62.3,84.42644273168972,83.7,sports fitness athlete performance,"[('Nike', 60.1), ('RedBull', 42.4), ('Puma', 40.9)]"
97,hudabeauty,82,2400.0,50800000.0,186400.0,0.04,16800.0,453600000.0,United States,6.575342465753424,2378,0.04,1,55,2.7866529164636695,14.8,27.20789531919166,27.0,lifestyle entertainment social media celebrity,"[('Netflix', 71.2), ('Sephora', 38.8), ('RedBull', 35.4)]"
98,adele,84,420.0,50700000.0,4700000.0,3.82,1900000.0,2000000000.0,United States,1.1506849315068493,2093,3.82,1,100,5.202875452277255,26.2,53.644434248748524,53.3,lifestyle entertainment social media celebrity,"[('Netflix', 71.2), ('Sephora', 38.8), ('RedBull', 35.4)]"
99,michelleobama,85,600.0,50700000.0,700500.0,1.22,611200.0,421700000.0,Unknown,1.643835616438356,2345,1.22,1,100,7.896606540151644,38.8,50.36693322456999,51.1,lifestyle entertainment social media celebrity,"[('Netflix', 71.2), ('Sephora', 38.8), ('RedBull', 35.4)]"
100,kritisanon,76,2700.0,50200000.0,897200.0,1.21,604400.0,2400000000.0,India,7.397260273972603,365,1.21,1,100,7.597387070155544,38.4,57.62502637910268,57.6,lifestyle entertainment social media celebrity,"[('Netflix', 71.2), ('Sephora', 38.8), ('RedBull', 35.4)]"
101,jamesrodriguez10,86,1100.0,49900000.0,1400000.0,0.75,363900.0,1500000000.0,Colombia,3.0136986301369864,525,0.75,1,70,3.537527758846196,16.9,31.2985454386551,31.0,lifestyle entertainment social media celebrity,"[('Netflix', 71.2), ('Sephora', 38.8), ('RedBull', 35.4)]"
102,krisjenner,80,6400.0,49700000.0,356800.0,0.91,452900.0,2300000000.0,United States,17.534246575342465,2496,0.91,1,85,14.656921527173983,70.4,76.56445534416068,76.7,lifestyle entertainment social media celebrity,"[('Netflix', 71.2), ('Sephora', 38.8), ('RedBull', 35.4)]"
103,thv,83,60.0,49300000.0,15400000.0,25.8,12600000.0,987400000.0,Unknown,0.1643835616438356,2727,25.8,-1,55,16.365145668161517,83.3,94.03743359501905,93.7,lifestyle entertainment social media celebrity,"[('Netflix', 71.2), ('Sephora', 38.8), ('RedBull', 35.4)]"
104,lelepons,81,2500.0,49200000.0,2400000.0,3.55,1700000.0,6100000000.0,United States,6.8493150684931505,1440,3.55,1,100,8.61795586700979,43.6,66.74978514675884,66.4,lifestyle entertainment social media celebrity,"[('Netflix', 71.2), ('Sephora', 38.8), ('RedBull', 35.4)]"
105,charlidamelio,80,150.0,49100000.0,4200000.0,3.28,1600000.0,654400000.0,Unknown,0.410958904109589,2639,3.28,1,100,4.355091744622532,24.3,50.05703634520843,50.1,lifestyle entertainment social media celebrity,"[('Netflix', 71.2), ('Sephora', 38.8), ('RedBull', 35.4)]"
106,gucci,86,8900.0,49000000.0,115100.0,0.15,72400.0,1000000000.0,Italy,20.0,1947,0.15,1,70,10.435032682021964,52.4,65.15647325475487,65.0,fashion beauty lifestyle luxury style,"[('Sephora', 70.3), ('Myntra', 67.3), ('Louis Vuitton', 64.4)]"
107,prillylatuconsina96,84,6500.0,48900000.0,372400.0,0.27,131800.0,2400000000.0,Indonesia,17.80821917808219,1635,0.27,1,70,7.9028371867801015,42.6,58.93696399125186,58.8,lifestyle entertainment social media celebrity,"[('Netflix', 71.2), ('Sephora', 38.8), ('RedBull', 35.4)]"
108,louisvuitton,82,6500.0,48700000.0,127500.0,0.08,40500.0,824000000.0,France,17.80821917808219,2769,0.08,1,70,8.131177171349915,40.6,57.5111882137993,57.6,fashion beauty lifestyle luxury style,"[('Sephora', 70.3), ('Myntra', 67.3), ('Louis Vuitton', 64.4)]"
109,paulodybala,85,1300.0,48300000.0,1800000.0,2.88,1400000.0,2300000000.0,Unknown,3.5616438356164384,1196,2.88,1,100,8.355974734370713,43.6,60.23657369623926,60.7,lifestyle entertainment social media celebrity,"[('Netflix', 71.2), ('Sephora', 38.8), ('RedBull', 35.4)]"
110,blackpinkofficial,85,1400.0,48200000.0,2100000.0,2.77,1300000.0,3000000000.0,Unknown,3.835616438356164,2393,2.77,1,100,6.831626758759928,35.6,57.2523986886181,57.0,lifestyle entertainment social media celebrity,"[('Netflix', 71.2), ('Sephora', 38.8), ('RedBull', 35.4)]"
111,dovecameron,85,170.0,48200000.0,1600000.0,1.75,841400.0,283000000.0,United States,0.4657534246575342,224,1.75,1,100,5.327023812076336,26.7,46.05107583602398,46.1,lifestyle entertainment social media celebrity,"[('Netflix', 71.2), ('Sephora', 38.8), ('RedBull', 35.4)]"
112,garethbale11,86,980.0,48100000.0,763000.0,1.43,681300.0,753100000.0,Unknown,2.684931506849315,326,1.43,1,100,8.516802150927983,41.8,53.594007423140056,53.6,sports fitness athlete performance,"[('Nike', 60.1), ('RedBull', 42.4), ('Puma', 40.9)]"
113,jokowi,85,3500.0,47700000.0,452600.0,0.41,189600.0,1600000000.0,Unknown,9.58904109589041,1897,0.41,1,85,6.622717900121148,33.8,50.793322668187486,51.5,lifestyle entertainment social media celebrity,"[('Netflix', 71.2), ('Sephora', 38.8), ('RedBull', 35.4)]"
114,nusr_et,81,2300.0,47300000.0,728200.0,0.29,133000.0,1700000000.0,United Arab Emirates,6.301369863013699,1564,0.29,1,55,3.477681994301687,17.9,28.80695348430702,28.9,food cooking culinary restaurant lifestyle,"[('Zomato', 78.3), ('Apple', 21.4), ('Nykaa', 20.5)]"
115,harrystyles,57,590.0,46900000.0,4700000.0,6.38,2900000.0,2800000000.0,United States,1.6164383561643836,2243,6.38,-1,65,7.828530690468177,39.4,53.89536444400261,53.5,lifestyle entertainment social media celebrity,"[('Netflix', 71.2), ('Sephora', 38.8), ('RedBull', 35.4)]"
116,haileybieber,85,2100.0,46900000.0,2000000.0,3.47,1600000.0,4200000000.0,Unknown,5.7534246575342465,2966,3.47,1,100,9.720473395081811,47.1,66.42427586701584,66.3,fashion beauty lifestyle luxury style,"[('Sephora', 70.3), ('Myntra', 67.3), ('Louis Vuitton', 64.4)]"
117,vanessahudgens,84,4200.0,46800000.0,633900.0,0.63,292900.0,2700000000.0,United States,11.506849315068493,1852,0.63,1,85,7.263096801835228,34.9,54.46625656663885,54.5,lifestyle entertainment social media celebrity,"[('Netflix', 71.2), ('Sephora', 38.8), ('RedBull', 35.4)]"
118,5-Minute Crafts GIRLY,85,10000.0,46500000.0,157000.0,0.03,12400.0,1600000000.0,United States,20.0,2419,0.03,1,55,6.487668717274271,33.9,52.24339274028466,51.7,lifestyle entertainment social media celebrity,"[('Netflix', 71.2), ('Sephora', 38.8), ('RedBull', 35.4)]"
119,zayn,82,160.0,46500000.0,4700000.0,8.81,4000000.0,773500000.0,United States,0.4383561643835616,383,8.81,1,100,10.533362002655828,54.3,79.73727856232621,79.8,music entertainment pop culture celebrity,"[('Netflix', 75.0), ('RedBull', 45.6), ('boAt', 29.4)]"
120,larissamanoela,85,5200.0,46500000.0,579600.0,0.57,259399.99999999997,3000000000.0,Brazil,14.246575342465754,897,0.57,1,85,8.07396459867004,41.4,60.36165490069894,60.2,lifestyle entertainment social media celebrity,"[('Netflix', 71.2), ('Sephora', 38.8), ('RedBull', 35.4)]"
121,travisscott,78,3200.0,46200000.0,3000000.0,5.71,2600000.0,9600000000.0,United States,8.767123287671232,685,5.71,1,100,11.539077192401285,59.6,82.38542306289234,82.8,music entertainment pop culture celebrity,"[('Netflix', 75.0), ('RedBull', 45.6), ('boAt', 29.4)]"
122,thenotoriousmma,82,3200.0,45900000.0,1100000.0,0.69,311500.0,3500000000.0,United States,8.767123287671232,1422,0.69,1,70,5.180282097786565,30.6,43.77416773677879,44.8,lifestyle entertainment social media celebrity,"[('Netflix', 71.2), ('Sephora', 38.8), ('RedBull', 35.4)]"
123,daddyyankee,80,20.0,45900000.0,652500.0,1.0,455300.0,18300000.0,Puerto Rico,0.1,1211,1.0,1,100,6.689337868147115,32.7,45.18472905512476,45.4,music entertainment pop culture celebrity,"[('Netflix', 75.0), ('RedBull', 45.6), ('boAt', 29.4)]"
124,natgeotravel,82,16900.0,45800000.0,189900.0,0.12,52800.0,3200000000.0,United States,20.0,1185,0.12,1,55,8.12142269903029,41.9,55.454890375775435,55.6,technology innovation media entertainment,"[('Netflix', 58.3), ('Apple', 41.3), ('RedBull', 39.9)]"
125,nikefootball,85,1800.0,45400000.0,431200.0,0.44,199800.0,784000000.0,United States,4.931506849315069,1301,0.44,1,85,5.539167326071523,25.8,41.708365648689195,41.1,lifestyle entertainment social media celebrity,"[('Netflix', 71.2), ('Sephora', 38.8), ('RedBull', 35.4)]"
126,stephencurry30,84,1100.0,45400000.0,1100000.0,2.76,1200000.0,1200000000.0,Unknown,3.0136986301369864,2397,2.76,1,100,10.21649610962975,49.2,61.17204532951418,61.0,sports fitness athlete performance,"[('Nike', 60.1), ('RedBull', 42.4), ('Puma', 40.9)]"
127,vancityreynolds,86,680.0,44800000.0,1400000.0,2.61,1200000.0,925700000.0,Unknown,1.8630136986301369,586,2.61,1,100,8.624525167505636,44.0,57.24805594819526,57.7,lifestyle entertainment social media celebrity,"[('Netflix', 71.2), ('Sephora', 38.8), ('RedBull', 35.4)]"
128,maisa,42,1500.0,44500000.0,553000.0,0.67,294100.0,820100000.0,Brazil,4.109589041095891,2719,0.67,-1,50,5.456796018201649,25.8,26.945282794099835,26.8,lifestyle entertainment social media celebrity,"[('Netflix', 71.2), ('Sephora', 38.8), ('RedBull', 35.4)]"
129,luissuarez9,85,970.0,44200000.0,801800.0,0.96,414800.0,782500000.0,Unknown,2.6575342465753424,2495,0.96,1,85,5.544719107552125,26.7,40.746979888935996,40.9,sports fitness athlete performance,"[('Nike', 60.1), ('RedBull', 42.4), ('Puma', 40.9)]"
130,gusttavolima,76,4900.0,43900000.0,475100.0,0.71,303900.0,2300000000.0,Brazil,13.424657534246576,2890,0.71,1,85,9.497705860142538,47.3,61.71226582014083,61.8,lifestyle entertainment social media celebrity,"[('Netflix', 71.2), ('Sephora', 38.8), ('RedBull', 35.4)]"
131,jannatzubair29,84,1600.0,43800000.0,1300000.0,2.18,944300.0,2200000000.0,Unknown,4.383561643835616,2928,2.18,1,100,7.792276273895788,38.9,57.22497002634634,56.6,lifestyle entertainment social media celebrity,"[('Netflix', 71.2), ('Sephora', 38.8), ('RedBull', 35.4)]"
132,varundvn,84,1900.0,43800000.0,1100000.0,1.48,640500.0,2000000000.0,India,5.205479452054795,2059,1.48,1,100,6.832572532224049,36.1,54.945143104252494,55.0,lifestyle entertainment social media celebrity,"[('Netflix', 71.2), ('Sephora', 38.8), ('RedBull', 35.4)]"
133,hrithikroshan,85,580.0,43700000.0,1600000.0,3.82,1600000.0,949900000.0,CÃ´te d'Ivoire,1.5890410958904109,2582,3.82,1,100,10.128682400362905,50.1,63.16265152951368,63.3,lifestyle entertainment social media celebrity,"[('Netflix', 71.2), ('Sephora', 38.8), ('RedBull', 35.4)]"
134,nickyjampr,81,10000.0,43400000.0,381600.0,0.33,139300.0,3800000000.0,Colombia,20.0,2685,0.33,1,85,8.26415092080805,43.9,68.0610038608696,67.1,lifestyle entertainment social media celebrity,"[('Netflix', 71.2), ('Sephora', 38.8), ('RedBull', 35.4)]"
135,buzzfeedtasty,85,8900.0,43200000.0,65099.99999999999,0.02,7700.0,580700000.0,Spain,20.0,2101,0.02,1,55,7.051422184151239,36.5,53.179514410960465,53.5,food cooking culinary restaurant lifestyle,"[('Zomato', 78.3), ('Apple', 21.4), ('Nykaa', 20.5)]"
136,brunamarquezine,84,3000.0,43100000.0,969700.0,1.05,444200.0,2900000000.0,United States,8.219178082191782,1090,1.05,1,100,6.226024750906066,31.7,55.88619112828394,54.7,lifestyle entertainment social media celebrity,"[('Netflix', 71.2), ('Sephora', 38.8), ('RedBull', 35.4)]"
137,caradelevingne,86,4400.0,42900000.0,790200.0,0.43,181000.0,3500000000.0,United States,12.054794520547945,558,0.43,1,70,6.239830293214503,30.6,47.380531470280474,47.3,fashion beauty lifestyle luxury style,"[('Sephora', 70.3), ('Myntra', 67.3), ('Louis Vuitton', 64.4)]"
138,kapilsharma,83,950.0,42200000.0,736400.0,1.49,624500.0,710700000.0,Unknown,2.6027397260273974,2086,1.49,1,100,7.66909057174694,40.1,52.98036329221941,53.3,lifestyle entertainment social media celebrity,"[('Netflix', 71.2), ('Sephora', 38.8), ('RedBull', 35.4)]"
139,badbunnypr,83,10.0,42100000.0,3700000.0,13.09,5400000.0,67500000.0,Unknown,0.1,2141,13.09,-1,65,16.499748835974657,85.4,92.1047553257662,92.6,music entertainment pop culture celebrity,"[('Netflix', 75.0), ('RedBull', 45.6), ('boAt', 29.4)]"
140,britneyspears,80,3000.0,42100000.0,513100.0,0.55,221700.0,1600000000.0,Turkey,8.219178082191782,2116,0.55,1,85,6.019141933158848,29.4,47.675077859867,47.9,lifestyle entertainment social media celebrity,"[('Netflix', 71.2), ('Sephora', 38.8), ('RedBull', 35.4)]"
141,j.m,83,20.0,41900000.0,14200000.0,26.41,11000000.0,368100000.0,Unknown,0.1,841,26.41,-1,55,15.654701177382895,80.6,92.94499910965723,92.9,lifestyle entertainment social media celebrity,"[('Netflix', 71.2), ('Sephora', 38.8), ('RedBull', 35.4)]"
142,mariliamendoncacantora,73,1400.0,41800000.0,1000000.0,1.98,818600.0,1500000000.0,Brazil,3.835616438356164,2261,1.98,1,100,9.00352705503915,41.0,56.335688461812936,56.5,lifestyle entertainment social media celebrity,"[('Netflix', 71.2), ('Sephora', 38.8), ('RedBull', 35.4)]"
143,norafatehi,83,1700.0,41600000.0,1400000.0,1.76,727500.0,2300000000.0,Anguilla,4.657534246575342,2486,1.76,1,100,6.827901953478448,32.9,53.930861019112015,53.5,lifestyle entertainment social media celebrity,"[('Netflix', 71.2), ('Sephora', 38.8), ('RedBull', 35.4)]"
144,theweeknd,83,670.0,41500000.0,1100000.0,3.97,1600000.0,767000000.0,Unknown,1.8356164383561644,1927,3.97,1,100,13.352599241789429,66.3,69.98353374210825,71.0,music entertainment pop culture celebrity,"[('Netflix', 75.0), ('RedBull', 45.6), ('boAt', 29.4)]"
145,dior,85,9700.0,41500000.0,88800.0,0.16,63600.0,863000000.0,Unknown,20.0,301,0.16,1,70,10.956820002922722,52.8,65.31581018833586,65.0,fashion beauty lifestyle luxury style,"[('Sephora', 70.3), ('Myntra', 67.3), ('Louis Vuitton', 64.4)]"
146,ranveersingh,85,1800.0,40800000.0,1000000.0,0.76,299300.0,1800000000.0,Switzerland,4.931506849315069,1743,0.76,1,70,4.417807290138869,22.1,35.80134236536759,35.5,lifestyle entertainment social media celebrity,"[('Netflix', 71.2), ('Sephora', 38.8), ('RedBull', 35.4)]"
147,marinaruybarbosa,81,2100.0,40700000.0,586400.0,0.01,0.0,1200000000.0,Brazil,5.7534246575342465,1391,0.01,1,55,2.3472579100758857,11.5,24.7589308633418,24.9,lifestyle entertainment social media celebrity,"[('Netflix', 71.2), ('Sephora', 38.8), ('RedBull', 35.4)]"
148,jenniferaniston,85,90.0,40700000.0,4600000.0,1.88,731000.0,452000000.0,Unknown,0.2465753424657534,768,1.88,1,85,2.9510954719218736,17.0,36.98257200164636,37.1,lifestyle entertainment social media celebrity,"[('Netflix', 71.2), ('Sephora', 38.8), ('RedBull', 35.4)]"
149,addisonraee,85,300.0,40100000.0,3100000.0,2.49,994400.0,957900000.0,Unknown,0.821917808219178,614,2.49,1,100,4.305765434072508,21.8,47.16185685151508,47.3,lifestyle entertainment social media celebrity,"[('Netflix', 71.2), ('Sephora', 38.8), ('RedBull', 35.4)]"
150,andresiniesta8,85,2000.0,40000000.0,250800.0,0.41,161700.0,500500000.0,Spain,5.47945205479452,1645,0.41,1,85,7.400546220279369,33.7,45.283666373881786,46.2,lifestyle entertainment social media celebrity,"[('Netflix', 71.2), ('Sephora', 38.8), ('RedBull', 35.4)]"
151,princessyahrini,81,4500.0,40000000.0,118300.0,0.22,87400.0,529900000.0,Indonesia,12.32876712328767,1706,0.22,1,70,9.57253006948423,45.9,52.632655349636295,53.6,lifestyle entertainment social media celebrity,"[('Netflix', 71.2), ('Sephora', 38.8), ('RedBull', 35.4)]"
152,liverpoolfc,75,10000.0,39900000.0,346700.0,0.42,162900.0,3500000000.0,United Kingdom,20.0,294,0.42,1,85,8.98711775276546,48.8,70.03580856774272,69.3,sports fitness athlete performance,"[('Nike', 60.1), ('RedBull', 42.4), ('Puma', 40.9)]"
153,teddysphotos,80,2300.0,39900000.0,715500.0,0.46,181100.0,1700000000.0,United States,6.301369863013699,2681,0.46,1,70,4.3183457991002605,20.6,35.94784044523094,35.3,lifestyle entertainment social media celebrity,"[('Netflix', 71.2), ('Sephora', 38.8), ('RedBull', 35.4)]"
154,worldstar,78,11600.0,39200000.0,157400.0,0.23,84400.0,1800000000.0,United States,20.0,934,0.23,1,70,9.548006938898812,46.6,63.067586856824576,63.4,lifestyle entertainment social media celebrity,"[('Netflix', 71.2), ('Sephora', 38.8), ('RedBull', 35.4)]"
155,natashawilona12,84,1200.0,39200000.0,486500.0,0.59,227700.0,563900000.0,Unknown,3.287671232876712,2809,0.59,1,85,4.6915131537119885,24.8,39.622557955737335,39.7,lifestyle entertainment social media celebrity,"[('Netflix', 71.2), ('Sephora', 38.8), ('RedBull', 35.4)]"
156,mahi7781,58,100.0,39100000.0,4099999.9999999995,0.17,0.0,439400000.0,Unknown,0.273972602739726,2531,0.17,-1,20,0.3285879541699946,0.0,0.0,1.0,sports fitness athlete performance,"[('Nike', 60.1), ('RedBull', 42.4), ('Puma', 40.9)]"
157,georginagio,74,730.0,39100000.0,2200000.0,8.56,3300000.0,1600000000.0,Unknown,2.0,2926,8.56,1,100,14.918148010542915,75.5,88.68651911414686,88.8,lifestyle entertainment social media celebrity,"[('Netflix', 71.2), ('Sephora', 38.8), ('RedBull', 35.4)]"
158,cznburak,80,1800.0,39000000.0,815800.0,1.01,383300.0,1400000000.0,Unknown,4.931506849315069,1144,1.01,1,100,5.416575712234033,26.3,49.26545775083275,49.6,food cooking culinary restaurant lifestyle,"[('Zomato', 78.3), ('Apple', 21.4), ('Nykaa', 20.5)]"
159,chrissyteigen,79,5100.0,38900000.0,623100.0,0.43,162100.0,3200000000.0,United States,13.972602739726028,653,0.43,1,70,6.1287994004352955,34.5,51.220877124033834,51.4,lifestyle entertainment social media celebrity,"[('Netflix', 71.2), ('Sephora', 38.8), ('RedBull', 35.4)]"
160,ruben_onsu,75,13400.0,38800000.0,139300.0,0.13,49100.0,1900000000.0,Indonesia,20.0,2849,0.13,1,70,8.751194081357728,43.6,61.53880238623833,61.0,lifestyle entertainment social media celebrity,"[('Netflix', 71.2), ('Sephora', 38.8), ('RedBull', 35.4)]"
161,wizkhalifa,80,500.0,38700000.0,398700.0,0.31,115700.0,199800000.0,United States,1.36986301369863,2803,0.31,1,70,3.0263858547602793,15.6,27.017386278876277,27.1,music entertainment pop culture celebrity,"[('Netflix', 75.0), ('RedBull', 45.6), ('boAt', 29.4)]"
162,hm,83,7300.0,38500000.0,88400.0,0.06,22400.0,644100000.0,Sweden,20.0,2012,0.06,1,55,7.405806693021849,37.7,53.71309693832781,53.9,fashion beauty lifestyle luxury style,"[('Sephora', 70.3), ('Myntra', 67.3), ('Louis Vuitton', 64.4)]"
163,anushkasen0408,85,5300.0,38300000.0,695400.0,1.75,658300.0,3700000000.0,Unknown,14.520547945205479,289,1.75,1,100,11.954520631422662,59.1,76.84695518461417,76.9,lifestyle entertainment social media celebrity,"[('Netflix', 71.2), ('Sephora', 38.8), ('RedBull', 35.4)]"
164,prattprattpratt,84,730.0,38300000.0,813500.0,1.0,363800.0,594700000.0,Unknown,2.0,1636,1.0,1,100,4.739286304036871,25.3,45.051971029331554,44.4,lifestyle entertainment social media celebrity,"[('Netflix', 71.2), ('Sephora', 38.8), ('RedBull', 35.4)]"
165,marvelstudios,83,2700.0,38100000.0,594200.0,1.58,555900.0,1600000000.0,Unknown,7.397260273972603,1682,1.58,1,100,9.82611847676554,48.0,62.60993214259558,62.8,technology innovation media entertainment,"[('Netflix', 58.3), ('Apple', 41.3), ('RedBull', 39.9)]"
166,wesleysafadao,80,8900.0,37400000.0,256100.00000000003,0.02,0.0,2300000000.0,Unknown,20.0,1489,0.02,1,55,5.275993581090279,29.6,50.48720149140314,50.2,lifestyle entertainment social media celebrity,"[('Netflix', 71.2), ('Sephora', 38.8), ('RedBull', 35.4)]"
167,parineetichopra,84,1300.0,37400000.0,505700.0,0.68,246900.0,672100000.0,Unknown,3.5616438356164384,2540,0.68,1,85,5.640176191130011,26.7,40.99541248179514,41.1,lifestyle entertainment social media celebrity,"[('Netflix', 71.2), ('Sephora', 38.8), ('RedBull', 35.4)]"
168,rkive,83,110.0,37000000.0,10900000.0,1.9020100502512562,0.0,1200000000.0,Unknown,0.3013698630136986,2461,29.459458663257877,-1,40,11.122907701903735,56.1,78.48553511721126,78.3,lifestyle entertainment social media celebrity,"[('Netflix', 71.2), ('Sephora', 38.8), ('RedBull', 35.4)]"
169,laudyacynthiabella,76,380.0,36900000.0,172800.0,0.12,43400.0,66700000.0,Indonesia,1.0410958904109588,2275,0.12,1,55,3.1461476583715307,14.7,19.917595910525325,19.8,lifestyle entertainment social media celebrity,"[('Netflix', 71.2), ('Sephora', 38.8), ('RedBull', 35.4)]"
170,antogriezmann,83,870.0,36500000.0,1100000.0,0.57,203600.0,955400000.0,France,2.3835616438356166,991,0.57,1,70,2.683202036803514,16.1,29.491851191833415,29.7,lifestyle entertainment social media celebrity,"[('Netflix', 71.2), ('Sephora', 38.8), ('RedBull', 35.4)]"
171,gisel_la,85,9900.0,36500000.0,150500.0,0.1,33400.0,1500000000.0,Unknown,20.0,2008,0.1,1,55,7.822663393481664,39.8,54.67624417774178,55.2,lifestyle entertainment social media celebrity,"[('Netflix', 71.2), ('Sephora', 38.8), ('RedBull', 35.4)]"
172,eminem,84,660.0,36400000.0,1100000.0,2.69,962700.0,730100000.0,United States,1.8082191780821917,2685,2.69,1,100,9.113900248872593,45.2,57.84238112389026,57.8,music entertainment pop culture celebrity,"[('Netflix', 75.0), ('RedBull', 45.6), ('boAt', 29.4)]"
173,mercedesbenz,77,10000.0,36000000.0,197900.0,0.18,64599.99999999999,2000000000.0,British Virgin Islands,20.0,2227,0.18,1,70,8.273418340596999,43.9,61.86899484533109,61.7,lifestyle entertainment social media celebrity,"[('Netflix', 71.2), ('Sephora', 38.8), ('RedBull', 35.4)]"
174,colesprouse,81,1200.0,35900000.0,2200000.0,2.34,834500.0,2600000000.0,Unknown,3.287671232876712,278,2.34,1,100,4.383093682971649,26.6,51.6404775624968,51.4,lifestyle entertainment social media celebrity,"[('Netflix', 71.2), ('Sephora', 38.8), ('RedBull', 35.4)]"
175,nattinatasha,47,30.0,35900000.0,518100.0,0.8,285900.0,18700000.0,Czech Republic,0.1,2014,0.8,-1,50,4.666315570591758,22.5,21.028155637863836,21.1,lifestyle entertainment social media celebrity,"[('Netflix', 71.2), ('Sephora', 38.8), ('RedBull', 35.4)]"
176,shahidkapoor,82,1100.0,35600000.0,1300000.0,2.54,780000.0,1500000000.0,Unknown,3.0136986301369864,1914,2.54,1,100,6.576420073480813,34.0,54.72476673027349,54.2,lifestyle entertainment social media celebrity,"[('Netflix', 71.2), ('Sephora', 38.8), ('RedBull', 35.4)]"
177,tigerjackieshroff,83,2100.0,35600000.0,1100000.0,1.2,422900.0,2200000000.0,India,5.7534246575342465,2569,1.2,1,100,5.682550588913199,27.2,51.40065450002011,51.7,lifestyle entertainment social media celebrity,"[('Netflix', 71.2), ('Sephora', 38.8), ('RedBull', 35.4)]"
178,kimberly.loaiza,78,590.0,35500000.0,2600000.0,5.23,1800000.0,1600000000.0,Mexico,1.6164383561643836,1723,5.23,1,100,8.207845021773052,40.7,64.21868263355066,63.4,lifestyle entertainment social media celebrity,"[('Netflix', 71.2), ('Sephora', 38.8), ('RedBull', 35.4)]"
179,barackobama,81,660.0,35400000.0,1100000.0,1.19,411500.0,739500000.0,United States,1.8082191780821917,2476,1.19,1,100,4.615556643387801,23.2,44.57435144732429,44.5,lifestyle entertainment social media celebrity,"[('Netflix', 71.2), ('Sephora', 38.8), ('RedBull', 35.4)]"
180,sachintendulkar,76,1000.0,35300000.0,800400.0,2.03,664500.0,810000000.0,Unknown,2.73972602739726,2686,2.03,1,100,8.199735623751163,41.1,55.15950233458233,55.1,sports fitness athlete performance,"[('Nike', 60.1), ('RedBull', 42.4), ('Puma', 40.9)]"
181,simonemendes,72,4400.0,35000000.0,420000.0,0.65,222900.0,1900000000.0,Brazil,12.054794520547945,740,0.65,1,85,8.259828424793785,40.0,56.86003523406568,57.0,lifestyle entertainment social media celebrity,"[('Netflix', 71.2), ('Sephora', 38.8), ('RedBull', 35.4)]"
182,ivetesangalo,84,7600.0,34800000.0,226400.0,0.36,121100.0,1700000000.0,Brazil,20.0,746,0.36,1,85,9.683851050298559,48.0,69.76133417732265,69.4,lifestyle entertainment social media celebrity,"[('Netflix', 71.2), ('Sephora', 38.8), ('RedBull', 35.4)]"
183,lunamaya,83,4100.0,34800000.0,145400.0,0.17,58600.0,589600000.0,Unknown,11.232876712328768,2024,0.17,1,70,7.1854399597834515,36.0,47.363813496276606,48.1,lifestyle entertainment social media celebrity,"[('Netflix', 71.2), ('Sephora', 38.8), ('RedBull', 35.4)]"
184,toni.kr8s,83,940.0,34700000.0,597200.0,1.68,533500.0,561300000.0,Unknown,2.5753424657534247,1646,1.68,1,100,8.56003932180714,42.8,54.58309386767253,54.5,lifestyle entertainment social media celebrity,"[('Netflix', 71.2), ('Sephora', 38.8), ('RedBull', 35.4)]"
185,dannapaola,68,1900.0,34700000.0,1500000.0,3.49,1200000.0,2800000000.0,Mexico,5.205479452054795,996,3.49,1,100,9.170898475487352,46.2,64.98572886885198,64.3,lifestyle entertainment social media celebrity,"[('Netflix', 71.2), ('Sephora', 38.8), ('RedBull', 35.4)]"
186,paollaoliveirareal,84,4600.0,34700000.0,367800.0,0.57,192300.0,1700000000.0,Unknown,12.602739726027398,1006,0.57,1,85,7.863762577522258,40.7,57.88834873858836,57.7,lifestyle entertainment social media celebrity,"[('Netflix', 71.2), ('Sephora', 38.8), ('RedBull', 35.4)]"
187,blakelively,80,110.0,34600000.0,3100000.0,0.02,0.0,350900000.0,United States,0.3013698630136986,2466,0.02,1,55,0.9749364453445742,0.9,13.555480370437373,13.7,lifestyle entertainment social media celebrity,"[('Netflix', 71.2), ('Sephora', 38.8), ('RedBull', 35.4)]"
188,adidasoriginals,83,150.0,34200000.0,136200.0,0.2,66800.0,21200000.0,Unknown,0.410958904109589,286,0.2,1,70,4.373105882197767,21.1,27.49762798664307,27.4,fashion beauty lifestyle luxury style,"[('Sephora', 70.3), ('Myntra', 67.3), ('Louis Vuitton', 64.4)]"
189,disney,77,7300.0,34200000.0,185200.0,0.44,132000.0,1400000000.0,United States,20.0,381,0.44,1,85,10.871784712097096,53.5,71.90667341756223,72.5,technology innovation media entertainment,"[('Netflix', 58.3), ('Apple', 41.3), ('RedBull', 39.9)]"
190,shaymitchell,83,6300.0,34100000.0,732400.0,0.73,247500.0,4600000000.0,United States,17.26027397260274,2408,0.73,1,85,7.60941151359946,39.5,64.15195503512648,63.7,lifestyle entertainment social media celebrity,"[('Netflix', 71.2), ('Sephora', 38.8), ('RedBull', 35.4)]"
191,bmw,79,9300.0,33700000.0,231300.0,0.23,76500.0,2200000000.0,Germany,20.0,2022,0.23,1,70,8.71718120513566,43.7,62.01144519908375,61.9,lifestyle entertainment social media celebrity,"[('Netflix', 71.2), ('Sephora', 38.8), ('RedBull', 35.4)]"
192,danbilzerian,84,1400.0,33600000.0,2000000.0,3.58,1200000.0,2800000000.0,Canada,3.835616438356164,2946,3.58,1,100,7.492220448108473,39.5,61.37966762745123,61.5,fitness gym workout health lifestyle,"[('Nike', 52.2), ('Adidas', 31.0), ('Apple', 29.0)]"
193,khabib_nurmagomedov,63,4500.0,33500000.0,685100.0,0.67,220700.0,3100000000.0,Russia,12.32876712328767,1650,0.67,1,85,6.404980605121983,34.5,54.97794793457891,54.1,lifestyle entertainment social media celebrity,"[('Netflix', 71.2), ('Sephora', 38.8), ('RedBull', 35.4)]"
194,zidane,41,370.0,33500000.0,1100000.0,1.61,532700.0,391900000.0,France,1.0136986301369864,2716,1.61,-1,65,5.023016930073019,25.9,31.535095674032608,31.4,lifestyle entertainment social media celebrity,"[('Netflix', 71.2), ('Sephora', 38.8), ('RedBull', 35.4)]"
195,sonamkapoor,75,4800.0,33299999.999999996,264700.0,0.63,209200.0,1300000000.0,India,13.150684931506849,745,0.63,1,85,10.102591662102567,48.3,61.42786042700307,61.9,fashion beauty lifestyle luxury style,"[('Sephora', 70.3), ('Myntra', 67.3), ('Louis Vuitton', 64.4)]"
196,iambeckyg,71,2300.0,33200000.000000004,623800.0,1.4,464700.0,1400000000.0,United States,6.301369863013699,2760,1.4,1,100,8.237807230847395,41.4,57.782688824973164,57.7,lifestyle entertainment social media celebrity,"[('Netflix', 71.2), ('Sephora', 38.8), ('RedBull', 35.4)]"
197,nancyajram,81,3800.0,33200000.000000004,390400.0,0.64,208000.0,1500000000.0,France,10.41095890410959,1757,0.64,1,85,7.550097215994802,37.2,53.82603378750059,54.2,lifestyle entertainment social media celebrity,"[('Netflix', 71.2), ('Sephora', 38.8), ('RedBull', 35.4)]"
198,luansantana,79,770.0,33200000.000000004,193300.0,0.26,82600.0,149200000.0,Brazil,2.1095890410958904,997,0.26,1,70,4.229729930485666,21.4,29.973684225227107,29.7,lifestyle entertainment social media celebrity,"[('Netflix', 71.2), ('Sephora', 38.8), ('RedBull', 35.4)]"
199,nickjonas,78,2300.0,33000000.0,719600.0,1.42,467700.0,1700000000.0,United States,6.301369863013699,2477,1.42,1,100,7.646106212229484,39.3,57.25160572895713,57.5,lifestyle entertainment social media celebrity,"[('Netflix', 71.2), ('Sephora', 38.8), ('RedBull', 35.4)]"
200,raisa6690,80,4200.0,32799999.999999996,232200.0,0.3,97400.0,969100000.0,Indonesia,11.506849315068493,386,0.3,1,85,6.283193303179864,33.8,52.861261642651314,52.6,lifestyle entertainment social media celebrity,"[('Netflix', 71.2), ('Sephora', 38.8), ('RedBull', 35.4)]"
